Pathway name	RSPSS4	RSBA7	RSMOLK2	RSRUN2340	RSCFB2957	RSBDBR229	RSGMI1000	RSK60	RSPSI07	RSR24	RSUW551
_1_1_1_trichloro_2_2_bis_chlorophenyl_ethane_ddt_degradation	[]	[R_C23DDT1, R_C23DDTp]	[R_C23DDT1, R_C23DDTp]	[R_C23DDT1, R_C23DDTp]	[R_C23DDT1, R_C23DDTp]	[R_C23DDT1, R_C23DDTp]	[R_C23DDT1, R_C23DDTp]	[R_C23DDT1, R_C23DDTp]	[R_C23DDT1, R_C23DDTp]	[R_C23DDT1, R_C23DDTp]	[R_C23DDT1, R_C23DDTp]
_1_2_dichloroethane_degradation	[]	[]	[]	[]	[]	[]	[]	[]	[]	[]	[]
_1_4_dichlorobenzene_degradation	[]	[]	[]	[]	[]	[]	[]	[]	[]	[]	[]
_1_4_dichlorobenzene_degradation	[]	[]	[]	[]	[]	[]	[]	[]	[]	[]	[]
_1_and_2_methylnaphthalene_degradation	[]	[]	[R_HYDRTS, R_2H3CBZP, R_2H3MBZP, R_2H4HMBZP]	[]	[]	[]	[]	[]	[]	[]	[]
_1_and_2_methylnaphthalenedegradation	[]	[]	[]	[]	[]	[]	[]	[]	[]	[]	[]
_2_4_dichlorobenzoate_degradation	[]	[]	[]	[]	[]	[]	[]	[]	[]	[]	[]
_2_amino_3_carboxymuconate_semialdehyde_degradation_to_2_oxopentenoate	[]	[R_AM6SAD]	[R_AM6SAD]	[R_AM6SAD]	[R_AM6SAD]	[R_AM6SAD]	[]	[R_AM6SAD]	[R_AM6SAD]	[R_AM6SAD]	[R_AM6SAD]
_2_methylcitrate_cycle	[]	[R_MICITDr]	[R_MICITDr]	[]	[R_MICITDr]	[R_MICITDr]	[]	[R_MICITDr]	[R_MICITDr]	[R_MICITDr]	[R_MICITDr]
_2_oxobutanoate_degradation	[]	[]	[]	[]	[]	[]	[]	[]	[]	[]	[]
_3_chloroacrylic_acid_degradation	[]	[]	[]	[]	[]	[]	[]	[]	[]	[]	[]
_3_hydroxy_oxindole_biosynthesis	[]	[R_3HOXIDS]	[]	[]	[]	[R_3HOXIDS]	[]	[]	[R_3HOXIDS]	[R_3HOXIDS]	[]
_3_hydroxypropionate_cycle	[]	[]	[]	[]	[]	[]	[]	[]	[]	[]	[]
_4_aminobutyrate_degradation	[]	[]	[]	[]	[]	[]	[]	[]	[]	[]	[]
_4_hydroxyphenylacetate_degradation	[]	[R_CMCMSAD]	[R_CMCMSAD]	[R_CMCMSAD]	[R_CMCMSAD]	[R_CMCMSAD]	[]	[R_CMCMSAD]	[R_CMCMSAD]	[R_CMCMSAD]	[R_CMCMSAD]
_5_oxoproline_degradation	[]	[]	[]	[]	[]	[]	[]	[]	[]	[]	[]
adenosylcobalamin_biosynthesis	[]	[]	[]	[]	[]	[R_BLUB, R_PC17M, R_PC6AR, R_HGYDAS, R_PC6YM, R_CPC4MT, R_PC11M, R_COCHL, R_PC20M, R_PC8XM]	[]	[]	[]	[]	[]
adp_glucose_biosynthesis	[]	[]	[]	[]	[]	[]	[]	[]	[]	[]	[]
aerobactin_like_biosynthesis	[]	[]	[]	[]	[]	[]	[]	[]	[]	[]	[]
alanine_biosynthesis	[]	[]	[]	[]	[]	[]	[]	[]	[]	[]	[]
alanine_degradation	[]	[]	[]	[]	[]	[]	[]	[]	[]	[]	[]
allantoin_degradation	[]	[]	[]	[]	[]	[]	[]	[]	[]	[]	[]
alpha_dipeptides_biosynthesis	[]	[]	[]	[R_LAAL5, R_LAAL6, R_LAAL49, R_LAAL48, R_LAAL8, R_LAAL47, R_LAAL60, R_LAAL20, R_LAAL61, R_LAAL46, R_LAAL45, R_LAAL23, R_LAAL44, R_LAAL38, R_LAAL59, R_LAAL58, R_LAAL53, R_LAAL52, R_LAAL51, R_LAAL50, R_LAAL57, R_LAAL35, R_LAAL56, R_LAAL55, R_LAAL54]	[]	[R_LAAL5, R_LAAL6, R_LAAL49, R_LAAL48, R_LAAL8, R_LAAL47, R_LAAL60, R_LAAL20, R_LAAL61, R_LAAL46, R_LAAL45, R_LAAL23, R_LAAL44, R_LAAL38, R_LAAL59, R_LAAL58, R_LAAL53, R_LAAL52, R_LAAL51, R_LAAL50, R_LAAL57, R_LAAL35, R_LAAL56, R_LAAL55, R_LAAL54]	[]	[]	[]	[]	[]
alpha_dipeptides_degradation	[]	[]	[]	[]	[]	[]	[]	[]	[]	[]	[]
alternate_carbon_metabolism	[R_F1PP, R_2DOXG6PP, R_RU5PP, R_E4PP, R_F6PP, R_DAPAL, R_1PY4h3cAH, R_R5PP]	[R_F1PP, R_2DOXG6PP, R_RU5PP, R_E4PP, R_F6PP, R_1PY4h3cAH, R_R5PP]	[R_F1PP, R_2DOXG6PP, R_RU5PP, R_E4PP, R_F6PP, R_1PY4h3cAH, R_2HESR, R_R5PP]	[R_F1PP, R_2DOXG6PP, R_RU5PP, R_E4PP, R_F6PP, R_1PY4h3cAH, R_R5PP]	[R_CINNDO, R_PPPNDO, R_1PY4h3cAH]	[R_F1PP, R_2DOXG6PP, R_RU5PP, R_E4PP, R_F6PP, R_DAPAL, R_1PY4h3cAH, R_R5PP]	[R_F1PP, R_2DOXG6PP, R_RU5PP, R_E4PP, R_F6PP, R_DAPAL, R_1PY4h3cAH, R_R5PP]	[R_CINNDO, R_F1PP, R_2DOXG6PP, R_RU5PP, R_E4PP, R_F6PP, R_PPPNDO, R_1PY4h3cAH, R_R5PP]	[R_F1PP, R_2DOXG6PP, R_RU5PP, R_E4PP, R_F6PP, R_DAPAL, R_1PY4h3cAH, R_R5PP]	[R_CINNDO, R_F1PP, R_2DOXG6PP, R_RU5PP, R_E4PP, R_F6PP, R_PPPNDO, R_DAPAL, R_R5PP]	[R_F1PP, R_2DOXG6PP, R_RU5PP, R_E4PP, R_F6PP, R_1PY4h3cAH, R_R5PP]
alternate_carbon_metabolism	[R_F1PP, R_2DOXG6PP, R_RU5PP, R_E4PP, R_F6PP, R_DAPAL, R_1PY4h3cAH, R_R5PP]	[R_F1PP, R_2DOXG6PP, R_RU5PP, R_E4PP, R_F6PP, R_1PY4h3cAH, R_R5PP]	[R_F1PP, R_2DOXG6PP, R_RU5PP, R_E4PP, R_F6PP, R_1PY4h3cAH, R_2HESR, R_R5PP]	[R_F1PP, R_2DOXG6PP, R_RU5PP, R_E4PP, R_F6PP, R_1PY4h3cAH, R_R5PP]	[R_CINNDO, R_PPPNDO, R_1PY4h3cAH]	[R_F1PP, R_2DOXG6PP, R_RU5PP, R_E4PP, R_F6PP, R_DAPAL, R_1PY4h3cAH, R_R5PP]	[R_F1PP, R_2DOXG6PP, R_RU5PP, R_E4PP, R_F6PP, R_DAPAL, R_1PY4h3cAH, R_R5PP]	[R_CINNDO, R_F1PP, R_2DOXG6PP, R_RU5PP, R_E4PP, R_F6PP, R_PPPNDO, R_1PY4h3cAH, R_R5PP]	[R_F1PP, R_2DOXG6PP, R_RU5PP, R_E4PP, R_F6PP, R_DAPAL, R_1PY4h3cAH, R_R5PP]	[R_CINNDO, R_F1PP, R_2DOXG6PP, R_RU5PP, R_E4PP, R_F6PP, R_PPPNDO, R_DAPAL, R_R5PP]	[R_F1PP, R_2DOXG6PP, R_RU5PP, R_E4PP, R_F6PP, R_1PY4h3cAH, R_R5PP]
aminophosphonate_metabolism	[R_PALDH, R_QUIDH]	[R_PALDH, R_QUIDH]	[R_QUIDH]	[R_PALDH, R_QUIDH]	[R_PALDH, R_QUIDH]	[R_PALDH, R_QUIDH]	[R_PALDH, R_QUIDH]	[R_PALDH]	[R_PALDH, R_QUIDH]	[R_PALDH, R_QUIDH]	[R_QUIDH]
aminosugars_metabolism	[]	[]	[]	[]	[]	[]	[]	[]	[]	[]	[]
anaplerotic_reaction	[]	[]	[]	[]	[]	[]	[]	[]	[]	[]	[]
antibiotic_resistance	[]	[]	[]	[]	[]	[]	[]	[]	[]	[]	[]
arginine_and_proline_metabolism	[R_PROR]	[R_PROR]	[R_PROR]	[R_PROR]	[R_PROR]	[R_PROR]	[R_PROR]	[R_PROR]	[R_PROR]	[]	[R_PROR]
arginine_and_proline_metabolism	[R_PROR]	[R_PROR]	[R_PROR]	[R_PROR]	[R_PROR]	[R_PROR]	[R_PROR]	[R_PROR]	[R_PROR]	[]	[R_PROR]
arginine_biosynthesis	[]	[]	[]	[]	[]	[]	[]	[]	[]	[]	[]
arginine_degradation	[]	[]	[]	[]	[]	[]	[]	[]	[]	[]	[]
arsenate_detoxification	[]	[]	[]	[]	[]	[]	[]	[]	[]	[]	[]
ascorbate_metabolism	[]	[]	[]	[]	[]	[]	[]	[]	[]	[]	[]
asparagine_biosynthesis	[]	[]	[]	[]	[]	[]	[]	[]	[]	[]	[]
asparagine_degradation	[]	[]	[]	[]	[]	[]	[]	[]	[]	[]	[]
aspartate_biosynthesis	[]	[]	[]	[]	[]	[]	[]	[]	[]	[]	[]
aspartate_degradation	[]	[]	[]	[]	[]	[]	[]	[]	[]	[]	[]
assembly_and_repair_of_iron_sulfur_proteins	[]	[R_FESR]	[R_FESR]	[]	[R_FESR]	[R_FESR]	[]	[R_FESR]	[R_FESR]	[R_FESR]	[R_FESR]
atrazine_degradation	[]	[R_HATRAZE2, R_HATRAZE1]	[]	[R_HATRAZE2, R_HATRAZE1]	[R_HATRAZE2, R_HATRAZE1]	[]	[]	[]	[]	[]	[]
b_1_2_glucan_biosynthesis	[]	[]	[]	[]	[]	[]	[]	[]	[]	[]	[]
b_alanine_biosynthesis	[]	[]	[]	[]	[]	[]	[]	[]	[]	[]	[]
b_alanine_degradation	[]	[]	[]	[]	[]	[]	[]	[]	[]	[]	[]
benzaldehyde_degradation	[]	[]	[]	[]	[]	[]	[]	[]	[]	[]	[]
benzoate_degradation	[R_GOOR1, R_GOOR2, R_3MGOOR, R_4OKEIS, R_OCAALD, R_2H4OBTCHL]	[R_GOOR1, R_GOOR2, R_3MGOOR, R_4OKEIS, R_OCAALD, R_2H4OBTCHL]	[]	[R_GOOR1, R_GOOR2, R_3MGOOR, R_4OKEIS, R_OCAALD, R_2H4OBTCHL]	[R_GOOR1, R_GOOR2, R_3MGOOR, R_4OKEIS, R_OCAALD, R_2H4OBTCHL]	[]	[R_GOOR1, R_GOOR2, R_3MGOOR, R_4OKEIS, R_OCAALD, R_2H4OBTCHL]	[R_GOOR1, R_GOOR2, R_3MGOOR, R_4OKEIS, R_OCAALD, R_2H4OBTCHL]	[]	[]	[]
benzoate_degradation	[R_GOOR1, R_GOOR2, R_3MGOOR, R_4OKEIS, R_OCAALD, R_2H4OBTCHL]	[R_GOOR1, R_GOOR2, R_3MGOOR, R_4OKEIS, R_OCAALD, R_2H4OBTCHL]	[]	[R_GOOR1, R_GOOR2, R_3MGOOR, R_4OKEIS, R_OCAALD, R_2H4OBTCHL]	[R_GOOR1, R_GOOR2, R_3MGOOR, R_4OKEIS, R_OCAALD, R_2H4OBTCHL]	[]	[R_GOOR1, R_GOOR2, R_3MGOOR, R_4OKEIS, R_OCAALD, R_2H4OBTCHL]	[R_GOOR1, R_GOOR2, R_3MGOOR, R_4OKEIS, R_OCAALD, R_2H4OBTCHL]	[]	[]	[]
benzoate_degradation_via_coa_ligation	[R_BZOTD1p, R_CCHCCOAL, R_2KCHCCH, R_16DCDC1, R_BZOTD1]	[R_2KCHCCH]	[R_2HCHCCOA, R_ACDH5, R_ACDH6, R_2KCHCCH]	[R_BZOTD1p, R_CCHCCOAL, R_2HCHCCOA, R_2KCHCCH, R_16DCDC1, R_BZOTD1]	[R_2KCHCCH]	[R_CCHCCOAL, R_2KCHCCH]	[R_BZOTD1p, R_CCHCCOAL, R_2KCHCCH, R_16DCDC1, R_BZOTD1]	[R_2KCHCCH]	[R_CCHCCOAL, R_2KCHCCH]	[R_CCHCCOAL]	[R_2HCHCCOA, R_2KCHCCH]
benzoate_degradation_via_hydroxylation	[R_MCLACi, R_MUCCYCI, R_CATCHDG5, R_3CMUCC, R_MCCIS4]	[R_3CMUCC]	[R_ACDH7, R_ACDH8, R_3CMUCC]	[R_MCLACi, R_MUCCYCI, R_CATCHDG5, R_3CMUCC, R_MCCIS4]	[R_3CMUCC]	[]	[R_MCLACi, R_MUCCYCI, R_CATCHDG5, R_3CMUCC, R_MCCIS4]	[R_3CMUCC]	[]	[R_MCLACi, R_MUCCYCI, R_CATCHDG5, R_3CMUCC, R_MCCIS4]	[R_3CMUCC]
benzoylglycine_degradation	[]	[]	[]	[]	[]	[]	[]	[]	[]	[]	[]
biomass_and_maintenance_functions	[]	[]	[]	[]	[]	[]	[]	[]	[]	[]	[]
biomass_equation	[]	[]	[]	[]	[]	[]	[]	[]	[]	[]	[]
biotin_biosynthesis	[]	[]	[]	[]	[]	[]	[]	[]	[]	[]	[]
biotin_metabolism	[]	[]	[]	[]	[]	[]	[]	[]	[]	[]	[]
bisphenol_a_degradation	[]	[]	[]	[]	[]	[]	[]	[]	[]	[]	[]
butanoate_metabolism	[]	[]	[]	[]	[]	[]	[]	[]	[]	[]	[]
butanoate_metabolism	[]	[]	[]	[]	[]	[]	[]	[]	[]	[]	[]
carboxymethylester_degradation	[R_MESUCCCE, R_MEPYRCE]	[R_MESUCCCE, R_MEPYRCE]	[R_MESUCCCE, R_MEPYRCE]	[R_MESUCCCE, R_MEPYRCE]	[R_MESUCCCE, R_MEPYRCE]	[R_MESUCCCE, R_MEPYRCE]	[]	[R_MESUCCCE, R_MEPYRCE]	[R_MESUCCCE, R_MEPYRCE]	[R_MESUCCCE, R_MEPYRCE]	[R_MESUCCCE, R_MEPYRCE]
carprolactam_degradation	[R_FTOLAM]	[]	[]	[]	[]	[]	[R_FTOLAM]	[]	[]	[]	[]
catechol_degradation	[]	[R_4OD, R_HMSD, R_CAT23DOX]	[R_4OD, R_HMSD, R_CAT23DOX]	[R_4OD, R_HMSD, R_CAT23DOX]	[R_4OD, R_HMSD, R_CAT23DOX]	[R_4OD, R_HMSD, R_CAT23DOX]	[]	[R_4OD, R_HMSD, R_CAT23DOX]	[R_4OD, R_HMSD, R_CAT23DOX]	[R_4OD, R_HMSD, R_CAT23DOX]	[R_4OD, R_HMSD, R_CAT23DOX]
cell_envelope_biosynthesis	[]	[]	[]	[]	[]	[]	[]	[]	[]	[]	[]
chitin_degradation	[]	[]	[]	[]	[]	[]	[]	[]	[]	[]	[]
ciclopentanol_degradation	[]	[]	[]	[]	[]	[]	[]	[]	[]	[]	[]
citric_acid_cycle	[]	[]	[]	[]	[]	[]	[]	[]	[]	[]	[]
citric_acid_cycle	[]	[]	[]	[]	[]	[]	[]	[]	[]	[]	[]
coenzyme_a_biosynthesis	[]	[]	[]	[]	[]	[]	[]	[]	[]	[]	[]
cofactor_and_prosthetic_group_biosynthesis	[R_SERASr, R_PHEME2abcpp]	[R_FBACabcpp, R_PHEME2abcpp]	[R_SERASr]	[R_FBACabcpp, R_SERASr, R_PHEME2abcpp]	[R_FBACabcpp, R_PHEME2abcpp]	[R_FBACabcpp, R_TRPt2rpp, R_TYRt2rpp, R_PHEt2rpp]	[R_SERASr, R_PHEME2abcpp]	[R_FBACabcpp, R_PHEME2abcpp]	[R_FBACabcpp, R_TRPt2rpp, R_TYRt2rpp, R_PHEt2rpp]	[R_FBACabcpp, R_SERASr]	[R_SERASr]
cofactor_and_prosthetic_group_biosynthesis	[R_SERASr, R_PHEME2abcpp]	[R_FBACabcpp, R_PHEME2abcpp]	[R_SERASr]	[R_FBACabcpp, R_SERASr, R_PHEME2abcpp]	[R_FBACabcpp, R_PHEME2abcpp]	[R_FBACabcpp, R_TRPt2rpp, R_TYRt2rpp, R_PHEt2rpp]	[R_SERASr, R_PHEME2abcpp]	[R_FBACabcpp, R_PHEME2abcpp]	[R_FBACabcpp, R_TRPt2rpp, R_TYRt2rpp, R_PHEt2rpp]	[R_FBACabcpp, R_SERASr]	[R_SERASr]
complex_macromolecule_deconvolution	[]	[]	[]	[]	[]	[]	[]	[]	[]	[]	[]
copper_resistance	[]	[R_CU1Opp, R_CU2_bd_CopA]	[R_CU1Opp, R_CU2_bd_CopA]	[]	[R_CU1Opp, R_CU2_bd_CopA]	[R_CU1Opp, R_CU2_bd_CopA]	[]	[R_CU1Opp, R_CU2_bd_CopA]	[]	[]	[R_CU1Opp, R_CU2_bd_CopA]
cyanate_degradation	[]	[]	[]	[R_CYNTAH]	[]	[]	[]	[]	[]	[]	[]
cyanide_degradation	[]	[]	[]	[]	[]	[]	[]	[]	[]	[]	[]
cyanoamino_acid_metabolism	[]	[]	[]	[]	[]	[]	[]	[]	[]	[]	[]
cyanoamino_acid_metabolism	[]	[]	[]	[]	[]	[]	[]	[]	[]	[]	[]
cysteine_biosynthesis	[]	[]	[]	[]	[]	[]	[]	[]	[]	[]	[]
cysteine_degradation	[]	[]	[]	[]	[]	[]	[]	[]	[]	[]	[]
cysteine_metabolism	[R_ACTD2]	[R_ACTD2]	[R_ACTD2]	[R_ACTD2]	[R_ACTD2]	[R_ACTD2]	[R_ACTD2]	[R_ACTD2]	[R_ACTD2]	[]	[R_ACTD2]
cytokinin_biosynthesis	[]	[R_DMAPP_AMPIT]	[]	[]	[]	[]	[]	[]	[]	[]	[]
d_alanine_metabolism	[]	[]	[]	[]	[]	[]	[]	[]	[]	[]	[]
d_galactonate_degradation	[]	[R_GALCTND, R_DDPGALA, R_DDGALK]	[R_GALCTND, R_DDPGALA, R_DDGALK]	[]	[R_GALCTND, R_DDPGALA, R_DDGALK]	[]	[]	[R_GALCTND, R_DDPGALA, R_DDGALK]	[]	[]	[R_GALCTND, R_DDPGALA, R_DDGALK]
d_galacturonate_degradation	[]	[]	[]	[]	[]	[]	[]	[]	[]	[]	[]
d_glucarate_and_d_galactarate_degradation	[]	[]	[]	[]	[]	[]	[]	[]	[]	[]	[]
d_gluconate_degradation	[]	[]	[]	[]	[]	[]	[]	[]	[]	[]	[]
d_glucuronate_degradation	[]	[]	[]	[]	[]	[]	[]	[]	[]	[]	[]
diadenosine_metabolism	[]	[]	[]	[]	[]	[]	[]	[]	[]	[]	[]
disulfide_bound_transfert	[]	[]	[]	[]	[]	[]	[]	[]	[]	[]	[]
dtdp_l_rhamnose_biosynthesis	[]	[]	[]	[]	[]	[]	[]	[]	[]	[]	[]
efflux_pump	[]	[]	[R_CANAt2pp]	[]	[]	[]	[]	[]	[]	[]	[]
entner_doudoroff_pathway	[]	[R_G1DH]	[R_G1DH]	[]	[R_G1DH]	[]	[]	[R_G1DH]	[]	[R_G1DH]	[R_G1DH]
eps_biosynthesis	[]	[]	[]	[]	[]	[]	[]	[]	[]	[]	[]
ethanol_degradation	[]	[]	[]	[]	[]	[]	[]	[]	[]	[]	[]
ethanol_metabolism	[]	[]	[]	[]	[]	[]	[]	[]	[]	[]	[]
ethylene_biosynthesis	[]	[R_LAAO2ex]	[]	[]	[]	[R_EFE]	[]	[]	[]	[]	[]
ethylene_quenching	[]	[]	[]	[]	[]	[R_ACPCD]	[]	[]	[]	[]	[]
exchange_antibiotic_compound	[]	[]	[]	[]	[]	[]	[]	[]	[]	[]	[]
exchange_carbon_substrate	[]	[R_EX_hphead_e_, R_EX_cholp_e, R_EX_12dgr141_e_, R_EX_pad_e_, R_EX_12dgr140_e_, R_EX_12dgr161_e_, R_EX_12dgr181_e_, R_EX_indpyr_e_, R_EX_12dgr120_e, R_EX_12dgr180_e, R_EX_12dgr160_e]	[R_EX_pa140_e_, R_EX_pa160_e_, R_EX_pa141_e_, R_EX_pa180_e_, R_EX_pa161_e_, R_EX_pa120_e_, R_EX_pa181_e_]	[R_EX_pc180_e_, R_EX_pa140_e_, R_EX_pc181_e_, R_EX_cholp_e, R_EX_pa160_e_, R_EX_pa141_e_, R_EX_pc160_e_, R_EX_pa161_e_, R_EX_pa181_e_, R_EX_12dgr120_e, R_EX_12dgr180_e, R_EX_12dgr160_e, R_EX_pc120_e_, R_EX_12dgr141_e_, R_EX_pc140_e_, R_EX_12dgr140_e_, R_EX_pc141_e_, R_EX_pa180_e_, R_EX_12dgr161_e_, R_EX_pa120_e_, R_EX_pc161_e_, R_EX_12dgr181_e_]	[R_EX_cholp_e, R_EX_12dgr141_e_, R_EX_12dgr140_e_, R_EX_12dgr161_e_, R_EX_12dgr181_e_, R_EX_12dgr120_e, R_EX_12dgr180_e, R_EX_12dgr160_e]	[R_EX_pa140_e_, R_EX_pa160_e_, R_EX_pa141_e_, R_EX_pa180_e_, R_EX_pa161_e_, R_EX_pa120_e_, R_EX_pa181_e_]	[]	[R_EX_cholp_e, R_EX_12dgr141_e_, R_EX_12dgr140_e_, R_EX_12dgr161_e_, R_EX_12dgr181_e_, R_EX_12dgr120_e, R_EX_12dgr180_e, R_EX_12dgr160_e]	[]	[R_EX_pa140_e_, R_EX_pa160_e_, R_EX_pa141_e_, R_EX_pa180_e_, R_EX_pa161_e_, R_EX_pa120_e_, R_EX_pa181_e_, R_EX_cellb_e]	[R_EX_pa140_e_, R_EX_pa160_e_, R_EX_pa141_e_, R_EX_pa180_e_, R_EX_pa161_e_, R_EX_pa120_e_, R_EX_pa181_e_]
exchange_cofactor_substrate	[]	[]	[]	[]	[]	[]	[]	[]	[]	[]	[]
exchange_dna	[]	[]	[]	[]	[]	[]	[]	[]	[]	[]	[]
exchange_ion_substrate	[]	[]	[]	[]	[]	[]	[]	[]	[]	[]	[]
exchange_macromolecule_polyhydroxyalkanoate	[]	[]	[]	[]	[]	[]	[]	[]	[]	[]	[]
exchange_macromolecule_polysaccharide	[]	[]	[]	[]	[]	[]	[]	[]	[]	[]	[]
exchange_macromolecule_polysaccharide_biofilm_formation	[]	[]	[]	[]	[]	[]	[]	[]	[]	[]	[]
exchange_macromolecule_polysaccharide_eps	[]	[]	[]	[]	[]	[]	[]	[]	[]	[]	[]
exchange_macromolecule_protein	[]	[]	[]	[R_EX_protein_PC_e_, R_EX_peptide_PC_e_]	[]	[]	[]	[R_EX_protein_PC_e_, R_EX_peptide_PC_e_]	[]	[R_EX_protein_PC_e_, R_EX_peptide_PC_e_]	[R_EX_protein_PC_e_, R_EX_peptide_PC_e_]
exchange_macromolecule_type_iii_effector	[]	[]	[]	[]	[]	[]	[]	[]	[]	[]	[]
exchange_macromolecule_type_vi_effector	[]	[]	[]	[R_EX_T6SS_E_RSc3430_e_, R_EX_T6SS_E_RSp0745_e_, R_EX_T6SS_E_RSp0768_e_, R_EX_T6SS_E_RSp0103_e_, R_EX_T6SS_E_RSp1139_e_, R_EX_T6SS_E_RSp0175_e_, R_EX_T6SS_E_RSc1944_e_, R_EX_T6SS_E_RSp0629_e_, R_EX_T6SS_E_RSc0958_e_]	[]	[R_EX_T6SS_E_RSp0745_e_, R_EX_T6SS_E_RSp0768_e_, R_EX_T6SS_E_RSp0175_e_, R_EX_T6SS_E_RSp0629_e_]	[]	[]	[]	[]	[]
exchange_nitrogen_substrate	[]	[]	[]	[]	[]	[]	[]	[]	[]	[]	[]
exchange_osmoprotectant	[]	[]	[]	[]	[]	[]	[]	[]	[]	[]	[]
exchange_phytohormone	[]	[]	[]	[]	[]	[]	[]	[]	[]	[]	[]
exchange_plant_cell_wall	[]	[R_EX_PCW_L_Fucose_Rsl_e_, R_EX_PCW_L_Fucose_e_]	[R_EX_PCW_RSc0102_act_e_, R_EX_PCW_L_Fucose_Rsl_e_, R_EX_PCW_RSc0104_act_e_, R_EX_PCW_L_Fucose_e_]	[]	[R_EX_PCW_RSc0102_act_e_, R_EX_PCW_RSp1545_e_, R_EX_PCW_RSc0104_act_e_, R_EX_PCW_RSc3188_e_]	[R_EX_PCW_RSc0102_act_e_, R_EX_PCW_RSp0294_act_e_, R_EX_PCW_RSp0540_e_, R_EX_PCW_RSp1545_e_, R_EX_PCW_RSc0104_act_e_, R_EX_PCW_RSc3188_e_]	[]	[R_EX_PCW_RSc0246_act_e_, R_EX_PCW_RSc0249_act_e_]	[R_EX_PCW_RSc0102_act_e_, R_EX_PCW_RSp0294_act_e_, R_EX_PCW_RSp0540_e_, R_EX_PCW_RSp1545_e_, R_EX_PCW_RSc0104_act_e_, R_EX_PCW_RSc3188_e_]	[R_EX_PCW_RSp0294_act_e_, R_EX_PCW_RSp1545_e_, R_EX_PCW_RSc3188_e_]	[R_EX_PCW_RSc0102_act_e_, R_EX_PCW_L_Fucose_Rsl_e_, R_EX_PCW_RSc0104_act_e_, R_EX_PCW_RSp1539_e_, R_EX_PCW_L_Fucose_e_]
exchange_polyamine_substrate	[]	[]	[]	[]	[]	[]	[]	[]	[]	[]	[]
exchange_quorum_sensing	[]	[]	[]	[]	[]	[]	[]	[]	[]	[]	[]
exchange_ros	[]	[]	[]	[]	[]	[]	[]	[]	[]	[]	[]
exchange_secondary_metabolites	[]	[]	[]	[]	[]	[]	[]	[]	[]	[]	[]
extracellular_transport_reactions	[]	[]	[]	[R_GLCURt2r, R_GALURt2r]	[]	[]	[]	[R_GLCURt2r, R_GALURt2r]	[]	[]	[]
fatty_acid_b_oxidation	[]	[]	[]	[]	[]	[]	[]	[]	[]	[]	[]
fatty_acid_biosynthesis	[]	[]	[]	[]	[]	[]	[]	[]	[]	[]	[]
fatty_acid_biosynthesis	[]	[]	[]	[]	[]	[]	[]	[]	[]	[]	[]
fatty_acid_biosynthesis	[]	[]	[]	[]	[]	[]	[]	[]	[]	[]	[]
fatty_acid_metabolism	[]	[]	[]	[]	[]	[]	[]	[]	[]	[]	[]
ferulate_degradation	[]	[]	[]	[]	[]	[R_FERULCOAS, R_FCOAHA]	[]	[R_FERULCOAS, R_FCOAHA]	[]	[]	[]
flavin_biosynthesis	[]	[]	[]	[]	[]	[]	[]	[]	[]	[]	[]
fluorene_degradation	[]	[R_34DHDHF]	[R_34DHDHF]	[R_34DHDHF]	[R_34DHDHF]	[R_34DHDHF]	[R_34DHDHF]	[R_34DHDHF]	[R_34DHDHF]	[R_34DHDHF]	[R_34DHDHF]
fluorobenzoate_degradation	[R_BZOTD3, R_BZOTD5, R_BZ12DOX, R_BZOTD4, R_BZOTD7, R_16DCDC4, R_16DCDC3, R_16DCDC2, R_CATCHDG6, R_MCCIS5, R_CATCHDG7]	[R_FLBZDD]	[R_FLBZDD]	[R_BZOTD3, R_BZOTD5, R_BZ12DOX, R_BZOTD4, R_BZOTD7, R_FLBZDD, R_16DCDC4, R_16DCDC3, R_16DCDC2, R_CATCHDG6, R_MCCIS5, R_CATCHDG7]	[R_FLBZDD]	[R_FLBZDD]	[R_BZOTD3, R_BZOTD5, R_BZ12DOX, R_BZOTD4, R_BZOTD7, R_FLBZDD, R_16DCDC4, R_16DCDC3, R_16DCDC2, R_CATCHDG6, R_MCCIS5, R_CATCHDG7]	[R_FLBZDD]	[R_FLBZDD]	[R_FLBZDD, R_CATCHDG6, R_MCCIS5, R_CATCHDG7]	[R_FLBZDD]
folate_biosynthesis	[]	[]	[]	[]	[]	[]	[]	[]	[]	[]	[]
folate_biosynthesis	[]	[]	[]	[]	[]	[]	[]	[]	[]	[]	[]
fructose_and_mannose_metabolism	[]	[]	[]	[]	[]	[]	[]	[]	[]	[]	[]
fructose_and_mannose_metabolism	[]	[]	[]	[]	[]	[]	[]	[]	[]	[]	[]
fructose_degradation	[]	[]	[]	[]	[]	[]	[]	[]	[]	[]	[]
galactose_degradation	[]	[]	[]	[]	[]	[]	[]	[]	[]	[]	[]
gamma_hexachlorocyclohexane_degradation	[R_CATCHDG2, R_CATCHDG3]	[]	[]	[R_CATCHDG2, R_CATCHDG3]	[]	[]	[R_CATCHDG2, R_CATCHDG3]	[]	[]	[R_CATCHDG2, R_CATCHDG3]	[]
gdp_mannose_biosynthesis	[]	[]	[]	[]	[]	[]	[]	[]	[]	[]	[]
gentisate_degradation	[]	[]	[]	[]	[R_MALPYRI, R_GENDO]	[]	[]	[R_MALPYRI, R_GENDO]	[]	[R_MALPYRI, R_GENDO]	[]
geraniol_degrdation	[]	[]	[]	[]	[]	[]	[]	[]	[]	[]	[]
glutamate_biosynthesis	[]	[]	[]	[]	[]	[]	[]	[]	[]	[]	[]
glutamate_metabolism	[R_GDH1]	[]	[]	[R_GDH1]	[]	[]	[R_GDH1]	[]	[]	[]	[]
glutamate_metabolism	[R_GDH1]	[]	[]	[R_GDH1]	[]	[]	[R_GDH1]	[]	[]	[]	[]
glutamine_biosynthesis	[]	[]	[]	[]	[]	[]	[]	[]	[]	[]	[]
glutamine_degradation	[]	[]	[]	[]	[]	[]	[]	[]	[]	[]	[]
glutathione_biosynthesis	[]	[]	[]	[]	[]	[]	[]	[]	[]	[]	[]
glutathione_degradation	[]	[]	[]	[]	[]	[]	[]	[]	[]	[]	[]
glutathione_metabolism	[]	[R_GTDR]	[R_GTDR]	[R_GTDR]	[]	[R_GTDR]	[]	[]	[R_GTDR]	[]	[R_GTDR]
glutathione_redox_reactions	[]	[]	[]	[]	[]	[]	[]	[]	[]	[]	[]
glycerol_degradation	[]	[]	[]	[]	[]	[]	[]	[]	[]	[]	[]
glycerol_metabolism	[]	[]	[]	[]	[]	[]	[]	[]	[]	[]	[]
glycerolipid_metabolism	[R_ALCDgl]	[R_ALCDgl]	[R_ALCDgl]	[R_ALCDgl]	[R_ALCDgl]	[R_ALCDgl]	[R_ALCDgl]	[R_ALCDgl]	[]	[]	[R_ALCDgl]
glycerophospholipid_metabolism	[]	[]	[]	[]	[]	[]	[]	[]	[]	[]	[]
glycerophospholipid_metabolism	[]	[]	[]	[]	[]	[]	[]	[]	[]	[]	[]
glycine_and_serine_biosynthesis	[]	[]	[]	[]	[]	[]	[]	[]	[]	[]	[]
glycine_and_serine_degradation	[]	[]	[]	[]	[]	[]	[]	[]	[]	[]	[]
glycine_betain_biosynthesis	[]	[]	[]	[]	[]	[]	[]	[]	[]	[]	[]
glycine_serine_and_threonine_metabolism	[]	[]	[]	[]	[]	[]	[]	[]	[]	[]	[]
glycine_serine_and_threonine_metabolism	[]	[]	[]	[]	[]	[]	[]	[]	[]	[]	[]
glycogen_biosynthesis	[]	[]	[]	[]	[]	[]	[]	[]	[]	[R_GBEZ]	[]
glycogen_degradation	[]	[R_MALT]	[]	[]	[R_MALT]	[R_AMALT4, R_AMALT3, R_AMALT2, R_AMALT1, R_GLDBRAN2]	[]	[R_MALT]	[]	[R_AAMYL3, R_AMALT4, R_AMALT3, R_AMALT2, R_MALT, R_AMALT1, R_GLDBRAN2, R_AAMYL2, R_AAMYL]	[]
glycolate_and_glyoxylate_degradation	[]	[]	[]	[R_GLXCL]	[]	[]	[]	[R_GLXCL]	[]	[]	[]
glycolysis_gluconeogenesis	[]	[]	[]	[]	[]	[]	[]	[]	[]	[]	[]
glycolysis_gluconeogenesis	[]	[]	[]	[]	[]	[]	[]	[]	[]	[]	[]
glyoxylate_and_dicarboxylate_metabolism	[]	[R_FORA]	[R_FORA]	[]	[R_FORA]	[R_FORA]	[]	[R_FORA]	[R_FORA]	[R_FORA]	[R_FORA]
glyoxylate_cycle_	[]	[]	[]	[]	[]	[]	[]	[]	[]	[]	[]
haloacid_degradation	[]	[]	[]	[]	[]	[]	[]	[]	[]	[]	[]
heme_biosynthesis	[]	[]	[]	[]	[]	[]	[]	[]	[]	[]	[]
histamine_degradation	[]	[]	[]	[]	[]	[]	[]	[]	[]	[]	[]
histidine_biosynthesis	[]	[]	[]	[]	[]	[]	[]	[]	[]	[]	[]
histidine_degradation	[]	[]	[]	[]	[]	[]	[]	[]	[]	[]	[]
histidine_metabolism	[]	[]	[]	[]	[]	[]	[]	[]	[]	[]	[]
iaa_biosynthesis	[]	[R_TRPODC]	[]	[]	[]	[]	[]	[]	[]	[]	[]
inorganic_ion_transport_and_metabolism	[R_NI2uabcpp, R_FE3DCITabcpp, R_FE3HOXabcpp, R_MG2uabcpp, R_DHBSZ3FEabcpp, R_FEOXAMabcpp, R_PINAt, R_FEENTERabcpp]	[R_FE3DCITabcpp, R_FE3HOXabcpp, R_DHBSZ3FEabcpp, R_FEOXAMabcpp, R_FEENTERabcpp]	[R_NI2uabcpp, R_FE3HOXabcpp, R_MG2uabcpp, R_DHBSZ3FEabcpp, R_FEENTERabcpp]	[R_NI2uabcpp, R_FE3DCITabcpp, R_FE3HOXabcpp, R_MG2uabcpp, R_DHBSZ3FEabcpp, R_FEOXAMabcpp, R_PINAt, R_FEENTERabcpp]	[R_FE3DCITabcpp, R_FE3HOXabcpp, R_DHBSZ3FEabcpp, R_FEOXAMabcpp, R_FEENTERabcpp]	[R_NI2uabcpp, R_FE3HOXabcpp, R_MG2uabcpp, R_DHBSZ3FEabcpp, R_FEENTERabcpp]	[R_NI2uabcpp, R_FE3DCITabcpp, R_FE3HOXabcpp, R_MG2uabcpp, R_DHBSZ3FEabcpp, R_FEOXAMabcpp, R_PINAt, R_FEENTERabcpp]	[R_FE3DCITabcpp, R_FE3HOXabcpp, R_DHBSZ3FEabcpp, R_FEOXAMabcpp, R_FEENTERabcpp]	[R_NI2uabcpp, R_FE3HOXabcpp, R_MG2uabcpp, R_DHBSZ3FEabcpp, R_FEENTERabcpp]	[R_MG2uabcpp]	[R_NI2uabcpp, R_FE3HOXabcpp, R_MG2uabcpp, R_DHBSZ3FEabcpp, R_FEENTERabcpp]
inorganic_ion_transport_and_metabolism	[R_NI2uabcpp, R_FE3DCITabcpp, R_FE3HOXabcpp, R_MG2uabcpp, R_DHBSZ3FEabcpp, R_FEOXAMabcpp, R_PINAt, R_FEENTERabcpp]	[R_FE3DCITabcpp, R_FE3HOXabcpp, R_DHBSZ3FEabcpp, R_FEOXAMabcpp, R_FEENTERabcpp]	[R_NI2uabcpp, R_FE3HOXabcpp, R_MG2uabcpp, R_DHBSZ3FEabcpp, R_FEENTERabcpp]	[R_NI2uabcpp, R_FE3DCITabcpp, R_FE3HOXabcpp, R_MG2uabcpp, R_DHBSZ3FEabcpp, R_FEOXAMabcpp, R_PINAt, R_FEENTERabcpp]	[R_FE3DCITabcpp, R_FE3HOXabcpp, R_DHBSZ3FEabcpp, R_FEOXAMabcpp, R_FEENTERabcpp]	[R_NI2uabcpp, R_FE3HOXabcpp, R_MG2uabcpp, R_DHBSZ3FEabcpp, R_FEENTERabcpp]	[R_NI2uabcpp, R_FE3DCITabcpp, R_FE3HOXabcpp, R_MG2uabcpp, R_DHBSZ3FEabcpp, R_FEOXAMabcpp, R_PINAt, R_FEENTERabcpp]	[R_FE3DCITabcpp, R_FE3HOXabcpp, R_DHBSZ3FEabcpp, R_FEOXAMabcpp, R_FEENTERabcpp]	[R_NI2uabcpp, R_FE3HOXabcpp, R_MG2uabcpp, R_DHBSZ3FEabcpp, R_FEENTERabcpp]	[R_MG2uabcpp]	[R_NI2uabcpp, R_FE3HOXabcpp, R_MG2uabcpp, R_DHBSZ3FEabcpp, R_FEENTERabcpp]
inositol_metabolism	[]	[]	[]	[]	[]	[]	[]	[]	[]	[R_INS2D]	[]
iron_metabolism	[R_FEpp, R_FEex]	[]	[]	[]	[]	[R_FEpp, R_FEex]	[R_FEpp, R_FEex]	[]	[R_FEpp, R_FEex]	[R_FEpp, R_FEex]	[]
iron_metabolism	[R_FEpp, R_FEex]	[]	[]	[]	[]	[R_FEpp, R_FEex]	[R_FEpp, R_FEex]	[]	[R_FEpp, R_FEex]	[R_FEpp, R_FEex]	[]
isoleucine_biosynthesis	[]	[]	[]	[]	[]	[]	[]	[]	[]	[]	[]
isoleucine_degradation	[]	[]	[]	[]	[]	[]	[]	[]	[]	[]	[]
isoprenoid_biosynthesis	[]	[]	[]	[]	[]	[]	[]	[]	[]	[]	[]
isoquinoline_degradation	[]	[]	[]	[]	[]	[]	[]	[]	[]	[]	[]
ketogluconate_degradation	[]	[]	[]	[R_GADH]	[]	[R_DKGLCNR1]	[]	[R_GADH]	[]	[R_DKGLCNR1]	[]
l_dopachrome_biosynthesis	[]	[]	[]	[]	[]	[]	[]	[]	[]	[]	[]
l_idionate_degradation	[]	[]	[R_IDOND2, R_IDOND]	[]	[]	[R_IDOND2, R_IDOND]	[]	[R_IDOND2, R_IDOND]	[]	[]	[]
lactate_degradation	[]	[]	[]	[]	[]	[]	[]	[]	[]	[]	[]
leucine_biosynthesis	[]	[]	[]	[]	[]	[]	[]	[]	[]	[]	[]
leucine_degradation	[]	[]	[]	[]	[]	[]	[]	[]	[]	[]	[]
lipoate_biosynthesis	[]	[]	[]	[]	[]	[]	[]	[]	[]	[]	[]
lipopolysaccharide_biosynthesis	[]	[]	[]	[]	[]	[]	[]	[]	[]	[]	[]
lipopolysaccharide_biosynthesis	[]	[]	[]	[]	[]	[]	[]	[]	[]	[]	[]
lipopolysaccharide_biosynthesis_recycling	[R_MACPT, R_DNAMTn2r]	[R_MACPT, R_DNAMTn2r]	[R_MACPT, R_DNAMTn2r]	[R_MACPT, R_DNAMTn2r]	[R_DNAMTn2r]	[R_MACPT, R_DNAMTn2r]	[R_MACPT, R_DNAMTn2r]	[R_MACPT]	[R_MACPT, R_DNAMTn2r]	[R_MACPT, R_DNAMTn2r]	[R_MACPT, R_DNAMTn2r]
lysine_biosynthesis	[]	[]	[]	[]	[]	[]	[]	[]	[]	[]	[]
lysine_biosynthesis	[]	[]	[]	[]	[]	[]	[]	[]	[]	[]	[]
lysine_biosynthesis	[]	[]	[]	[]	[]	[]	[]	[]	[]	[]	[]
lysine_degradation	[]	[]	[]	[]	[]	[]	[]	[]	[]	[]	[]
macromolecule_activation_protein	[]	[]	[]	[]	[]	[]	[]	[]	[]	[]	[]
macromolecule_biosynthesis_polysaccharide_biofilm_formation	[]	[]	[]	[]	[]	[]	[]	[]	[]	[]	[]
macromolecule_biosynthesis_protein	[]	[R_PROT_PlcN_BioS, R_PROT_RSc1944_BioS, R_PROT_RSp1620_BioS, R_PROT_RSp0656_BioS, R_PROT_RSc0958_BioS, R_PROT_RSc3151_BioS, R_PROT_Rsl_BioS, R_PROT_RSp0103_BioS, R_PROT_RSp1444_BioS]	[R_PROT_RSp0630_BioS, R_PROT_RSp0629_BioS, R_PROT_RSp0656_BioS, R_PROT_Rsl_BioS, R_PROT_RSc0102_BioS, R_PROT_RSp1444_BioS, R_PROT_RSc0104_BioS, R_PROT_RSp1180_BioS]	[R_PROT_RSp0630_BioS, R_PROT_RSp0629_BioS, R_PROT_RSc1944_BioS, R_PROT_RSp1620_BioS, R_PROT_RSp0768_BioS, R_PROT_RSc3430_BioS, R_PROT_RSp1467_BioS, R_PROT_RSp0103_BioS, R_PROT_RSp0745_BioS, R_PROT_RSp1180_BioS, R_PROT_PlcN_BioS, R_PROT_RSp1466_BioS, R_PROT_RSc0958_BioS, R_PROT_RSp0175_BioS, R_PROT_RSp1444_BioS, R_PROT_RSp1139_BioS]	[R_PROT_PlcN_BioS, R_PROT_RSp1620_BioS, R_PROT_RSp0656_BioS, R_PROT_RSc3188_BioS, R_PROT_RSp1545_BioS, R_PROT_RSc0102_BioS, R_PROT_RSp1444_BioS, R_PROT_RSc0104_BioS]	[R_PROT_RSp0630_BioS, R_PROT_RSp0629_BioS, R_PROT_RSc3188_BioS, R_PROT_RSp0768_BioS, R_PROT_RSc0102_BioS, R_PROT_RSc0104_BioS, R_PROT_RSp0540_BioS, R_PROT_RSp0745_BioS, R_PROT_RSp1180_BioS, R_PROT_RSc0887_BioS, R_PROT_RSp0656_BioS, R_PROT_RSp1545_BioS, R_PROT_RSp0175_BioS, R_PROT_RSp1536_BioS, R_PROT_RSp0294_BioS]	[]	[R_PROT_PlcN_BioS, R_PROT_RSp1620_BioS, R_PROT_RSp0656_BioS, R_PROT_RSp0768_BioS, R_PROT_RSp1466_BioS, R_PROT_RSp1467_BioS, R_PROT_RSc0246_BioS, R_PROT_RSc0249_BioS, R_PROT_RSp0175_BioS, R_PROT_RSp1444_BioS, R_PROT_RSp1180_BioS]	[R_PROT_RSc0887_BioS, R_PROT_RSp0629_BioS, R_PROT_RSc3188_BioS, R_PROT_RSp1545_BioS, R_PROT_RSc0102_BioS, R_PROT_RSc0104_BioS, R_PROT_RSp0540_BioS, R_PROT_RSp0294_BioS, R_PROT_RSp1180_BioS]	[R_PROT_RSp0630_BioS, R_PROT_RSp0629_BioS, R_PROT_RSc3188_BioS, R_PROT_RSp0768_BioS, R_PROT_RSc3430_BioS, R_PROT_RSp1467_BioS, R_PROT_RSp0745_BioS, R_PROT_RSp1180_BioS, R_PROT_CbhA_BioS, R_PROT_RSp1545_BioS, R_PROT_RSp1466_BioS, R_PROT_RSp0175_BioS, R_PROT_RSp1139_BioS, R_PROT_RSp0294_BioS]	[R_PROT_RSc1775_BioS, R_PROT_RSp0630_BioS, R_PROT_RSp0629_BioS, R_PROT_RSp0656_BioS, R_PROT_RSp1466_BioS, R_PROT_RSp1467_BioS, R_PROT_Rsl_BioS, R_PROT_RSc0102_BioS, R_PROT_RSp1444_BioS, R_PROT_RSc0104_BioS, R_PROT_RSp1539_BioS]
macromolecule_biosynthesis_type_iii_effector	[R_T3SS_E_RipAH_BioS, R_T3SS_E_RipAG_BioS, R_T3SS_E_RipAI_BioS]	[R_T3SS_E_RipJ_BioS, R_T3SS_E_RipAH_BioS, R_T3SS_E_RipAF1_BioS, R_T3SS_E_RipU2_BioS, R_T3SS_E_RipAK_BioS, R_T3SS_E_RipP1_BioS, R_T3SS_E_RipG1_BioS, R_T3SS_E_RipX_BioS, R_T3SS_E_RipS6_BioS, R_T3SS_E_RipAG_BioS, R_T3SS_E_RipA1_BioS, R_T3SS_E_RipAL_BioS, R_T3SS_E_RipT_BioS, R_T3SS_E_RipL_BioS, R_T3SS_E_RipAI_BioS]	[R_T3SS_E_RipAH_BioS, R_T3SS_E_RipAF1_BioS, R_T3SS_E_RipU2_BioS, R_T3SS_E_RipAK_BioS, R_T3SS_E_RipK_BioS, R_T3SS_E_RipP1_BioS, R_T3SS_E_RipG1_BioS, R_T3SS_E_RipAC_BioS, R_T3SS_E_RipS6_BioS, R_T3SS_E_RipAG_BioS, R_T3SS_E_RipA1_BioS, R_T3SS_E_RipAL_BioS, R_T3SS_E_RipAZ1_BioS, R_T3SS_E_RipP2_BioS, R_T3SS_E_RipT_BioS, R_T3SS_E_RipL_BioS, R_T3SS_E_RipAI_BioS]	[R_T3SS_E_RipJ_BioS, R_T3SS_E_RipAH_BioS, R_T3SS_E_RipAF1_BioS, R_T3SS_E_RipTAL_BioS, R_T3SS_E_RipAT_BioS, R_T3SS_E_RipU2_BioS, R_T3SS_E_RipAK_BioS, R_T3SS_E_RipG1_BioS, R_T3SS_E_RipAC_BioS, R_T3SS_E_RipS6_BioS, R_T3SS_E_RipAG_BioS, R_T3SS_E_RipH3_BioS, R_T3SS_E_RipV1_BioS, R_T3SS_E_RipA1_BioS, R_T3SS_E_RipAL_BioS, R_T3SS_E_RipL_BioS, R_T3SS_E_RipAI_BioS]	[R_T3SS_E_RipAH_BioS, R_T3SS_E_RipTAL_BioS, R_T3SS_E_RipAX1_BioS, R_T3SS_E_RipU2_BioS, R_T3SS_E_RipAK_BioS, R_T3SS_E_RipG1_BioS, R_T3SS_E_RipAX2_BioS, R_T3SS_E_RipS6_BioS, R_T3SS_E_RipAG_BioS, R_T3SS_E_RipA1_BioS, R_T3SS_E_RipAL_BioS, R_T3SS_E_RipP2_BioS, R_T3SS_E_RipT_BioS, R_T3SS_E_RipL_BioS, R_T3SS_E_RipAI_BioS]	[R_T3SS_E_RipJ_BioS, R_T3SS_E_RipAH_BioS, R_T3SS_E_RipAF1_BioS, R_T3SS_E_RipS2_BioS, R_T3SS_E_RipU2_BioS, R_T3SS_E_RipAK_BioS, R_T3SS_E_RipG4_BioS, R_T3SS_E_RipK_BioS, R_T3SS_E_RipP1_BioS, R_T3SS_E_RipG1_BioS, R_T3SS_E_RipAC_BioS, R_T3SS_E_RipO1_BioS, R_T3SS_E_RipAV_BioS, R_T3SS_E_RipAX2_BioS, R_T3SS_E_RipS6_BioS, R_T3SS_E_RipAG_BioS, R_T3SS_E_RipQ_BioS, R_T3SS_E_RipA1_BioS, R_T3SS_E_RipAL_BioS, R_T3SS_E_RipP2_BioS, R_T3SS_E_RipG2_BioS, R_T3SS_E_RipT_BioS, R_T3SS_E_RipAI_BioS]	[R_T3SS_E_RipAI_BioS]	[R_T3SS_E_RipJ_BioS, R_T3SS_E_RipAH_BioS, R_T3SS_E_RipAF1_BioS, R_T3SS_E_RipAX1_BioS, R_T3SS_E_RipU2_BioS, R_T3SS_E_RipAK_BioS, R_T3SS_E_RipN_BioS, R_T3SS_E_RipP1_BioS, R_T3SS_E_RipG1_BioS, R_T3SS_E_RipAV_BioS, R_T3SS_E_RipAX2_BioS, R_T3SS_E_RipS6_BioS, R_T3SS_E_RipAG_BioS, R_T3SS_E_RipA1_BioS, R_T3SS_E_RipAL_BioS, R_T3SS_E_RipG2_BioS, R_T3SS_E_RipT_BioS, R_T3SS_E_RipAI_BioS]	[R_T3SS_E_RipJ_BioS, R_T3SS_E_RipAF1_BioS, R_T3SS_E_RipAX1_BioS, R_T3SS_E_RipU2_BioS, R_T3SS_E_RipAK_BioS, R_T3SS_E_RipG4_BioS, R_T3SS_E_RipP1_BioS, R_T3SS_E_RipO1_BioS, R_T3SS_E_RipAV_BioS, R_T3SS_E_RipAX2_BioS, R_T3SS_E_RipS6_BioS, R_T3SS_E_RipQ_BioS, R_T3SS_E_RipA1_BioS, R_T3SS_E_RipP2_BioS]	[R_T3SS_E_RipAH_BioS, R_T3SS_E_RipAF1_BioS, R_T3SS_E_RipTAL_BioS, R_T3SS_E_RipS5_BioS, R_T3SS_E_RipS2_BioS, R_T3SS_E_RipAK_BioS, R_T3SS_E_RipN_BioS, R_T3SS_E_RipK_BioS, R_T3SS_E_RipP1_BioS, R_T3SS_E_RipI_BioS, R_T3SS_E_RipAX2_BioS, R_T3SS_E_RipAG_BioS, R_T3SS_E_RipV1_BioS, R_T3SS_E_RipA1_BioS, R_T3SS_E_RipG2_BioS, R_T3SS_E_RipJ_BioS, R_T3SS_E_RipS1_BioS, R_T3SS_E_RipAX1_BioS, R_T3SS_E_RipG1_BioS, R_T3SS_E_RipAC_BioS, R_T3SS_E_RipAV_BioS, R_T3SS_E_RipC1_BioS, R_T3SS_E_RipS6_BioS, R_T3SS_E_RipG3_BioS, R_T3SS_E_RipQ_BioS, R_T3SS_E_RipP2_BioS, R_T3SS_E_RipAI_BioS]	[R_T3SS_E_RipAH_BioS, R_T3SS_E_RipAF1_BioS, R_T3SS_E_RipTAL_BioS, R_T3SS_E_RipU2_BioS, R_T3SS_E_RipAK_BioS, R_T3SS_E_RipK_BioS, R_T3SS_E_RipAU_BioS, R_T3SS_E_RipP1_BioS, R_T3SS_E_RipG1_BioS, R_T3SS_E_RipAX2_BioS, R_T3SS_E_RipS6_BioS, R_T3SS_E_RipAG_BioS, R_T3SS_E_RipA1_BioS, R_T3SS_E_RipAL_BioS, R_T3SS_E_RipAZ1_BioS, R_T3SS_E_RipP2_BioS, R_T3SS_E_RipT_BioS, R_T3SS_E_RipL_BioS, R_T3SS_E_RipAI_BioS]
macromolecule_secretion_polysaccharide_biofilm_formation	[]	[]	[]	[]	[]	[]	[]	[]	[]	[]	[]
macromolecule_secretion_protein	[]	[]	[R_PROT_ce_RSp1180_S]	[]	[]	[R_PROT_ce_RSp1180_S, R_PROT_cp_RSp1536_S]	[]	[R_PROT_ce_RSp1180_S]	[R_PROT_ce_RSp1180_S]	[R_PROT_ce_RSp1180_S]	[]
macromolecule_secretion_type_iii_effector	[]	[]	[]	[]	[]	[]	[]	[]	[]	[]	[]
macromolecule_secretion_type_vi_effector	[]	[]	[]	[R_T6SS_E_RSc0958_S, R_T6SS_E_RSp0175_S, R_T6SS_E_RSp1139_S, R_T6SS_E_RSc3430_S, R_T6SS_E_RSp0629_S, R_T6SS_E_RSc1944_S, R_T6SS_E_RSp0103_S, R_T6SS_E_RSp0768_S, R_T6SS_E_RSp0745_S]	[]	[R_T6SS_E_RSp0175_S, R_T6SS_E_RSp0629_S, R_T6SS_E_RSp0768_S, R_T6SS_E_RSp0745_S]	[]	[]	[]	[]	[]
macromolecule_storage	[]	[]	[]	[]	[]	[]	[]	[]	[]	[]	[]
mannitol_degradation	[]	[R_MNLDH2]	[R_MNLDH2]	[R_MNLDH2]	[R_MNLDH2]	[R_MNLDH2]	[]	[R_MNLDH2]	[R_MNLDH2]	[R_MNLDH2]	[R_MNLDH2]
melanin_biosynthesis	[]	[]	[]	[]	[]	[]	[]	[]	[]	[]	[]
membrane_lipid_metabolism	[R_MACPD]	[R_MACPD]	[R_MACPD]	[R_MACPD]	[]	[R_MACPD]	[R_MACPD]	[]	[R_MACPD]	[R_MACPD]	[R_MACPD]
membrane_lipid_metabolism	[R_MACPD]	[R_MACPD]	[R_MACPD]	[R_MACPD]	[]	[R_MACPD]	[R_MACPD]	[]	[R_MACPD]	[R_MACPD]	[R_MACPD]
membrane_lipid_metabolism	[R_MACPD]	[R_MACPD]	[R_MACPD]	[R_MACPD]	[]	[R_MACPD]	[R_MACPD]	[]	[R_MACPD]	[R_MACPD]	[R_MACPD]
metabolite_repair	[R_CRO2t3pp]	[R_CRO2t3pp]	[]	[]	[R_CRO2t3pp]	[R_CRO2t3pp, R_AGt3, R_CUt3]	[R_CRO2t3pp]	[R_CRO2t3pp, R_AGt3, R_CUt3]	[R_CRO2t3pp]	[R_CRO2t3pp]	[]
methionine_biosynthesis	[]	[R_METB1]	[R_METB1]	[R_METB1]	[R_METB1]	[]	[]	[R_METB1]	[]	[R_METB1]	[R_METB1]
methionine_metabolism	[]	[R_CYTOM]	[R_CYTOM]	[R_CYTOM]	[R_CYTOM]	[R_CYTOM]	[]	[R_CYTOM]	[R_CYTOM]	[R_CYTOM]	[R_CYTOM]
methylglyoxal_biosynthesis	[]	[]	[]	[]	[]	[]	[]	[]	[]	[]	[]
methylglyoxal_degradation	[]	[]	[]	[]	[]	[]	[]	[]	[]	[]	[]
micacocidin_biosynthesis	[]	[]	[]	[]	[]	[]	[]	[]	[]	[R_MCCDNS1]	[]
molybdenum_cofactor_biosynthesis	[]	[]	[]	[]	[]	[]	[]	[]	[]	[]	[]
motility_chemotaxis	[]	[]	[]	[]	[]	[]	[]	[]	[]	[]	[]
murein_biosynthesis	[]	[]	[]	[]	[]	[]	[]	[]	[]	[]	[]
murein_lpp_biosynthesis	[]	[]	[]	[]	[]	[]	[]	[]	[]	[]	[]
murein_recycling	[]	[]	[]	[]	[]	[]	[]	[]	[]	[]	[]
myo_inositol_biosynthesis	[]	[]	[]	[]	[]	[]	[]	[]	[]	[]	[]
myo_inositol_degradation	[]	[]	[]	[]	[]	[]	[]	[]	[]	[R_INSEPIH, R_2INSD, R_INS2D, R_DGLUISO, R_DKGLUCK]	[]
na	[R_GLYOX3, R_GDDMR]	[R_GDDMR]	[R_GLYOX3, R_GDDMR]	[R_GDDMR]	[R_GDDMR]	[R_GLYOX3, R_GDDMR]	[R_GLYOX3, R_GDDMR]	[R_GDDMR]	[R_GLYOX3]	[R_GLYOX3, R_GDDMR]	[R_GDDMR]
nad_biosynthesis	[]	[]	[]	[]	[]	[]	[]	[]	[]	[]	[]
nad_salvage_pathway	[]	[R_MALEI]	[R_RYLNTARH, R_MALEI]	[R_RYLNTARH]	[R_MALEI]	[R_MALEI]	[]	[R_RYLNTARH, R_MALEI]	[R_MALEI]	[R_MALEI]	[R_RYLNTARH, R_MALEI]
naphthalene_and_anthracene_degradation	[]	[]	[]	[]	[]	[]	[]	[]	[]	[]	[]
natural_transformation	[]	[]	[]	[]	[]	[]	[]	[]	[]	[]	[]
nicotinate_and_nicotinamide_metabolism	[]	[]	[]	[]	[]	[]	[]	[]	[]	[]	[]
nicotinate_and_nicotinamide_metabolism	[]	[]	[]	[]	[]	[]	[]	[]	[]	[]	[]
nitrate_reduction	[]	[R_NITORTpp]	[R_NITORTpp]	[]	[R_NITORTpp]	[R_NITORTpp]	[]	[R_NITORTpp]	[R_NITORTpp]	[R_NITORTpp, R_NTRIR5pp, R_NORcytc]	[R_NITORTpp]
nitric_oxide_detoxification	[]	[]	[]	[]	[]	[]	[]	[]	[]	[]	[]
nitrogen_metabolism	[R_TYROXDApp, R_PEAMNOpp, R_42A12BOOXpp]	[]	[]	[R_TYROXDApp, R_PEAMNOpp, R_42A12BOOXpp]	[]	[R_TYROXDApp, R_PEAMNOpp, R_42A12BOOXpp]	[R_TYROXDApp, R_PEAMNOpp, R_42A12BOOXpp]	[R_TYROXDApp, R_PEAMNOpp, R_42A12BOOXpp]	[R_TYROXDApp, R_PEAMNOpp, R_42A12BOOXpp]	[R_TYROXDApp, R_PEAMNOpp, R_42A12BOOXpp]	[R_TYROXDApp, R_PEAMNOpp, R_42A12BOOXpp]
nitrogen_metabolism	[R_TYROXDApp, R_PEAMNOpp, R_42A12BOOXpp]	[]	[]	[R_TYROXDApp, R_PEAMNOpp, R_42A12BOOXpp]	[]	[R_TYROXDApp, R_PEAMNOpp, R_42A12BOOXpp]	[R_TYROXDApp, R_PEAMNOpp, R_42A12BOOXpp]	[R_TYROXDApp, R_PEAMNOpp, R_42A12BOOXpp]	[R_TYROXDApp, R_PEAMNOpp, R_42A12BOOXpp]	[R_TYROXDApp, R_PEAMNOpp, R_42A12BOOXpp]	[R_TYROXDApp, R_PEAMNOpp, R_42A12BOOXpp]
nitrogen_metabolism	[R_TYROXDApp, R_PEAMNOpp, R_42A12BOOXpp]	[]	[]	[R_TYROXDApp, R_PEAMNOpp, R_42A12BOOXpp]	[]	[R_TYROXDApp, R_PEAMNOpp, R_42A12BOOXpp]	[R_TYROXDApp, R_PEAMNOpp, R_42A12BOOXpp]	[R_TYROXDApp, R_PEAMNOpp, R_42A12BOOXpp]	[R_TYROXDApp, R_PEAMNOpp, R_42A12BOOXpp]	[R_TYROXDApp, R_PEAMNOpp, R_42A12BOOXpp]	[R_TYROXDApp, R_PEAMNOpp, R_42A12BOOXpp]
nucleotide_salvage_pathway	[R_HMR_0180, R_DURADx]	[R_UDPGALM, R_DURADx]	[R_UDPGALM, R_HMR_0180, R_DURADx]	[R_UDPGALM, R_DURADx]	[R_UDPGALM, R_HMR_0180, R_DURADx]	[R_UDPGALM, R_HMR_0180]	[R_HMR_0180, R_DURADx]	[R_UDPGALM, R_HMR_0180, R_DURADx]	[R_UDPGALM, R_HMR_0180]	[R_UDPGALM]	[R_UDPGALM, R_DURADx]
one_carbon_oxidation	[]	[R_ALDD1]	[R_ALDD1]	[R_ALDD1]	[R_ALDD1]	[R_ALDD1]	[]	[R_ALDD1]	[R_ALDD1]	[R_ALDD1]	[R_ALDD1]
one_carbon_pool_by_folate	[]	[]	[]	[]	[]	[]	[]	[]	[]	[]	[]
one_carbon_pool_by_folate	[]	[]	[]	[]	[]	[]	[]	[]	[]	[]	[]
oxidative_phosphorylation	[]	[]	[]	[]	[]	[]	[]	[]	[]	[]	[]
oxidative_phosphorylation	[]	[]	[]	[]	[]	[]	[]	[]	[]	[]	[]
oxidative_phosphorylation	[]	[]	[]	[]	[]	[]	[]	[]	[]	[]	[]
pentose_and_glucuronate_interconversion	[R_ALRTa, R_XYLR, R_ALRTap]	[R_ALRTa, R_XYLR, R_ALRTap]	[R_ALRTa, R_XYLR, R_ALRTap]	[R_ALRTa, R_XYLR, R_ALRTap]	[R_ALRTa, R_XYLR, R_ALRTap]	[R_ALRTa, R_XYLR, R_ALRTap]	[R_ALRTa, R_XYLR, R_ALRTap]	[R_ALRTa, R_XYLR, R_ALRTap]	[]	[]	[R_ALRTa, R_XYLR, R_ALRTap]
pentose_degradation	[]	[]	[]	[]	[]	[]	[]	[]	[]	[]	[]
pentose_phosphate_pathway	[]	[]	[]	[]	[]	[]	[]	[]	[]	[]	[]
peptidoglycan_biosynthesis	[]	[]	[]	[]	[]	[]	[]	[]	[]	[]	[]
peptidoglycan_recycling	[]	[]	[]	[]	[]	[]	[]	[]	[]	[]	[]
phenolic_compound_degradation	[]	[]	[]	[]	[]	[R_DMPO_LACCASE]	[]	[]	[]	[]	[]
phenylacetate_degradation	[]	[]	[]	[]	[]	[R_PACCOAE]	[]	[]	[]	[]	[]
phenylacetonitrile_degradation	[]	[]	[]	[]	[]	[]	[]	[]	[]	[]	[]
phenylalanine_biosynthesis	[]	[]	[]	[]	[]	[]	[]	[]	[]	[]	[]
phenylalanine_degradation	[]	[R_PHEODC]	[]	[]	[]	[]	[]	[]	[]	[]	[]
phenylalanine_metabolism	[R_HPPH]	[R_HPPH]	[R_HPPH]	[R_HPPH]	[R_HPPH]	[]	[R_HPPH]	[R_HPPH]	[]	[]	[R_HPPH]
phenylalanine_tyrosine_and_tryptophan_biosynthesis	[]	[]	[]	[]	[]	[]	[]	[]	[]	[]	[]
phenylpropanoid_degradation	[]	[]	[]	[]	[]	[]	[]	[]	[]	[]	[]
phosphate_metabolism	[]	[]	[]	[]	[]	[]	[]	[]	[]	[]	[]
plant_cell_wall_attachment	[]	[R_PCW_bd_Rsl]	[R_PCW_bd_RSc0104_act, R_PCW_bd_RSc0102_act, R_PCW_bd_Rsl]	[]	[R_PCW_bd_RSc0104_act, R_PCW_bd_RSc0102_act, R_PCW_bd_RSp1545, R_PCW_bd_RSc3188]	[R_PCW_bd_RSc0104_act, R_PCW_bd_RSc0102_act, R_PCW_bd_RSp0294_act, R_PCW_bd_RSp1545, R_PCW_bd_RSc3188, R_PCW_bd_RSp0540]	[]	[R_PCW_bd_RSc0246_act, R_PCW_bd_RSc0249_act]	[R_PCW_bd_RSc0104_act, R_PCW_bd_RSc0102_act, R_PCW_bd_RSp0294_act, R_PCW_bd_RSp1545, R_PCW_bd_RSc3188, R_PCW_bd_RSp0540]	[R_PCW_bd_RSp0294_act, R_PCW_bd_RSp1545, R_PCW_bd_RSc3188]	[R_PCW_bd_RSp1539, R_PCW_bd_RSc0104_act, R_PCW_bd_RSc0102_act, R_PCW_bd_Rsl]
plant_cell_wall_degradation	[]	[R_PPLCc180, R_PPLCc181, R_PPLCc140, R_PPLCc141, R_PPLCc160, R_PPLCc161, R_PPLCc120]	[R_PPLDc180, R_PPLDc181, R_PPLDc160, R_PPLDc161, R_PPLDc140, R_PPLDc141, R_PPLDc120]	[R_PPLCc180, R_PPLCc181, R_PPLCc140, R_PPLCc141, R_PPLCc160, R_PPLCc161, R_PPLDc141, R_PPLDc120, R_PPLDc180, R_PPLDc181, R_PPLDc160, R_PPLDc161, R_PPLDc140, R_PPLCc120]	[R_PPLCc180, R_PPLCc181, R_PPLCc140, R_PPLCc141, R_PPLCc160, R_PPLCc161, R_PPLCc120]	[R_PPLDc180, R_PPLDc181, R_PPLDc160, R_PPLDc161, R_PPLDc140, R_PPLDc141, R_PPLDc120]	[]	[R_PPLCc180, R_PPLCc181, R_PPLCc140, R_PPLCc141, R_PPLCc160, R_PPLCc161, R_PPLCc120]	[]	[R_PPLDc180, R_PPLDc181, R_PPLDc160, R_PPLDc161, R_PPLDc140, R_EXOGLAS, R_PPLDc141, R_PPLDc120]	[R_PPLDc180, R_PPLDc181, R_PPLDc160, R_PPLDc161, R_PPLDc140, R_PPLDc141, R_PPLDc120]
polyamine_biosynthesis	[]	[]	[]	[]	[]	[R_ADMDC]	[]	[]	[]	[]	[]
polyhydroxybutanoate_metabolism	[]	[]	[]	[]	[]	[]	[]	[]	[]	[]	[]
porphyrin_and_chlorophyll_metabolism	[]	[]	[]	[]	[]	[]	[]	[]	[]	[]	[]
ppgpp_biosynthesis	[]	[]	[]	[]	[]	[]	[]	[]	[]	[]	[]
proline_biosynthesis	[]	[]	[]	[]	[]	[]	[]	[]	[]	[]	[]
proline_degradation	[]	[]	[]	[]	[]	[]	[]	[]	[]	[]	[]
propanoate_metabolism	[R_PPAKr, R_PTA2]	[R_PCNO]	[R_PCNO]	[R_PPAKr, R_PCNO, R_PTA2]	[R_PCNO]	[R_PCNO]	[R_PPAKr, R_PCNO, R_PTA2]	[R_PCNO]	[R_PCNO]	[R_PCNO]	[R_PCNO]
propanoate_metabolism	[R_PPAKr, R_PTA2]	[R_PCNO]	[R_PCNO]	[R_PPAKr, R_PCNO, R_PTA2]	[R_PCNO]	[R_PCNO]	[R_PPAKr, R_PCNO, R_PTA2]	[R_PCNO]	[R_PCNO]	[R_PCNO]	[R_PCNO]
protein_degradation	[]	[]	[]	[R_ASPPROAS]	[]	[]	[]	[R_ASPPROAS]	[]	[R_ASPPROAS]	[R_ASPPROAS]
protein_modification	[]	[]	[]	[]	[]	[]	[]	[]	[]	[]	[]
purine_biosynthesis	[]	[]	[]	[]	[]	[]	[]	[]	[]	[]	[]
purine_metabolism	[R_ATPADT, R_AADT2]	[R_ATPADT, R_AADT2]	[R_ATPADT, R_AADT2]	[R_ATPADT, R_AADT2]	[R_ATPADT, R_AADT2]	[]	[R_ATPADT, R_AADT2]	[R_ATPADT, R_AADT2]	[]	[]	[R_ATPADT, R_AADT2]
purine_metabolism_pyrimidine_metabolism	[]	[]	[]	[]	[]	[]	[]	[]	[]	[]	[]
purine_salvage_pathway	[]	[]	[R_CYTDH, R_URIH]	[R_CYTDH, R_URIH]	[]	[]	[]	[R_CYTDH, R_23PDE9pp, R_23PDE7pp, R_3NTD9pp, R_URIH, R_3NTD7pp]	[]	[]	[R_CYTDH, R_URIH]
putrescine_degradation	[]	[]	[]	[R_PTRCTA]	[]	[R_PTRCTA]	[]	[]	[]	[]	[]
pyoverdin_biosynthesis	[]	[R_ORN5MOO]	[R_ORN5MOO]	[R_ORN5MOO]	[R_ORN5MOO]	[R_ORN5MOO]	[]	[R_ORN5MOO]	[R_ORN5MOO]	[R_ORN5MOO]	[R_ORN5MOO]
pyridoxal_5_phosphate_biosynthesis	[]	[]	[]	[]	[]	[]	[]	[]	[]	[]	[]
pyridoxal_5_phosphate_salvage	[]	[]	[]	[]	[]	[]	[]	[]	[]	[]	[]
pyrimidine_biosynthesis	[]	[]	[]	[]	[]	[]	[]	[]	[]	[]	[]
pyrimidine_metabolism	[R_BUDPP1, R_BUPN]	[]	[]	[]	[]	[]	[R_BUDPP1, R_BUPN]	[]	[]	[]	[]
pyrimidine_salvage_pathway	[]	[]	[R_GNNUC, R_ADNUC, R_INSH, R_XTSNH]	[R_GNNUC, R_ADNUC, R_INSH, R_XTSNH]	[]	[R_TMDPP, R_PYNP1, R_PYNP2r, R_DURIPP]	[]	[R_GNNUC, R_ADNUC, R_23PDE4pp, R_3NTD2pp, R_23PDE2pp, R_INSH, R_3NTD4pp, R_XTSNH]	[R_TMDPP, R_PYNP1, R_PYNP2r, R_DURIPP]	[R_TMDPP, R_PYNP1, R_PYNP2r, R_DURIPP]	[R_GNNUC, R_ADNUC, R_INSH, R_XTSNH]
pyruvate_metabolism	[]	[]	[]	[]	[]	[]	[]	[]	[]	[]	[]
pyruvate_metabolism	[]	[]	[]	[]	[]	[]	[]	[]	[]	[]	[]
pyruvate_metabolism	[]	[]	[]	[]	[]	[]	[]	[]	[]	[]	[]
pyruvate_metabolism	[]	[]	[]	[]	[]	[]	[]	[]	[]	[]	[]
queuosine_biosynthesis	[]	[]	[]	[]	[]	[]	[]	[]	[]	[]	[]
quinate_degradation	[]	[]	[]	[R_QUINDH]	[]	[]	[]	[R_QUINDH]	[]	[]	[]
quorum_sensing	[]	[R_AHLACYC10, R_AHLACYC8, R_AHLACY3OC8, R_AHLACYC7]	[R_C8HSLS, R_C6HSLS]	[]	[R_AHLACYC10, R_AHLACYC8, R_AHLACY3OC8, R_AHLACYC7]	[R_AHLACYC10, R_AHLACYC8, R_AHLACY3OC8, R_AHLACYC7]	[]	[]	[R_AHLACYC10, R_AHLACYC8, R_AHLACY3OC8, R_AHLACYC7]	[R_AHLACYC10, R_AHLACYC8, R_AHLACY3OC8, R_AHLACYC7]	[]
ralfuranone_biosynthesis	[]	[R_aratyr3, R_PHEAT1, R_RFURAST]	[R_aratyr3, R_PHEAT1, R_RFURAST]	[R_aratyr3, R_PHEAT1, R_RFURAST]	[R_aratyr3, R_PHEAT1, R_RFURAST]	[R_aratyr3, R_PHEAT1, R_RFURAST]	[]	[R_aratyr3, R_PHEAT1]	[R_aratyr3, R_PHEAT1, R_RFURAST]	[R_aratyr3, R_PHEAT1, R_RFURAST]	[R_aratyr3, R_PHEAT1, R_RFURAST]
rivoflavin_metabolism	[]	[]	[]	[]	[]	[]	[]	[]	[]	[]	[]
rna_modification	[]	[]	[]	[]	[]	[]	[]	[]	[]	[]	[]
ros_salvage_pathways	[]	[]	[]	[]	[]	[]	[]	[]	[]	[]	[]
ros_toxicity	[]	[]	[]	[]	[]	[]	[]	[]	[]	[]	[]
s_adenosyl_l_methionine_cycle	[]	[]	[]	[]	[]	[]	[]	[]	[]	[]	[]
s_alternate_carbon_and_nitrogen_source_amines_and_polyamines_metabolism	[]	[R_DMGDH2, R_GBDM]	[R_DMGDH2, R_GBDM]	[R_DMGDH2, R_GBDM]	[R_DMGDH2, R_GBDM]	[R_DMGDH2, R_GBDM]	[]	[R_DMGDH2, R_GBDM]	[R_DMGDH2, R_GBDM]	[R_DMGDH2, R_GBDM]	[R_DMGDH2, R_GBDM]
s_alternate_carbon_and_nitrogen_source_nucleotide_metabolism	[R_DURAD, R_DURAD2, R_DHPM1, R_DHPM2]	[R_DURAD, R_DURAD2, R_DHPM1, R_DHPM2]	[R_DURAD, R_DURAD2, R_DHPM1, R_DHPM2]	[R_DURAD, R_DURAD2, R_DHPM1, R_DHPM2]	[R_DURAD, R_DURAD2, R_DHPM1, R_DHPM2]	[]	[R_DURAD, R_DURAD2, R_DHPM1, R_DHPM2]	[R_DURAD, R_DURAD2, R_DHPM1, R_DHPM2]	[]	[]	[R_DURAD, R_DURAD2, R_DHPM1, R_DHPM2]
s_alternate_carbon_butanediol_metabolism	[R_ACTD2]	[R_ACTD2]	[R_ACTD2]	[R_ACTD2]	[R_ACTD2]	[R_ACTD2]	[R_ACTD2]	[R_ACTD2]	[R_ACTD2]	[]	[R_ACTD2]
s_alternate_carbon_levulinate_metabolism	[]	[]	[]	[]	[]	[]	[]	[]	[]	[]	[]
s_aromatic_compounds_degradation_nicotinic_acid_pathway	[]	[]	[]	[]	[]	[]	[]	[]	[]	[]	[]
s_aromatic_compounds_degradation_phenylacetyl_coa_catabolom	[]	[]	[]	[]	[]	[]	[]	[]	[]	[]	[]
s_cell_envelope_biosynthesis_lipid_a_biosynthesis	[]	[]	[]	[]	[]	[]	[]	[]	[]	[]	[]
s_cell_envelope_biosynthesis_o_antigen_biosynthesis	[R_RHMNT2]	[R_RHMNT2]	[R_RHMNT2]	[R_RHMNT2]	[R_RHMNT2]	[R_RHMNT2]	[R_RHMNT2]	[R_RHMNT2]	[]	[R_RHMNT2]	[R_RHMNT2]
s_cell_wall	[]	[]	[]	[]	[]	[]	[]	[]	[]	[]	[]
s_cofactor_and_prosthetic_group_biosynthesis_molybdopterin_biosynthesis	[]	[]	[]	[]	[]	[]	[]	[]	[]	[]	[]
s_cofactor_and_prosthetic_group_biosynthesis_queuosine_biosynthesis	[]	[]	[]	[]	[]	[]	[]	[]	[]	[]	[]
s_histidine_metabolism	[]	[]	[]	[]	[]	[]	[]	[]	[]	[]	[]
s_iron_uptake_and_metabolism	[R_FE3DCITabcpp, R_MCBTFabcpp, R_CMCBTFabcpp, R_ARBTNabcpp, R_FEOXAMabcpp, R_FE3DCIT2abcpp]	[R_FE3DCITabcpp, R_MCBTFabcpp, R_CMCBTFabcpp, R_ARBTNabcpp, R_FEOXAMabcpp, R_FE3DCIT2abcpp]	[]	[R_FE3DCITabcpp, R_MCBTFabcpp, R_CMCBTFabcpp, R_ARBTNabcpp, R_FEOXAMabcpp, R_FE3DCIT2abcpp]	[R_FE3DCITabcpp, R_MCBTFabcpp, R_CMCBTFabcpp, R_ARBTNabcpp, R_FEOXAMabcpp, R_FE3DCIT2abcpp]	[]	[R_FE3DCITabcpp, R_MCBTFabcpp, R_CMCBTFabcpp, R_ARBTNabcpp, R_FEOXAMabcpp, R_FE3DCIT2abcpp]	[R_FE3DCITabcpp, R_MCBTFabcpp, R_CMCBTFabcpp, R_ARBTNabcpp, R_FEOXAMabcpp, R_FE3DCIT2abcpp]	[]	[]	[]
s_other_function	[]	[]	[]	[]	[]	[]	[]	[]	[]	[]	[]
s_phosphonate_and_phosphinate_metabolism	[]	[]	[]	[]	[]	[]	[]	[]	[]	[]	[]
s_purine_metabolism	[]	[]	[]	[]	[]	[R_GUACYC]	[]	[]	[]	[]	[]
s_transport_abc_system	[R_MALt2r, R_FUMt2r, R_SHEME2abcpp, R_SUCCt2r, R_AKGt2r, R_AEPabcpp]	[R_MALt2r, R_FUMt2r, R_SHEME2abcpp, R_SUCCt2r, R_AKGt2r, R_AEPabcpp]	[R_MALt2r, R_UREAabcpp, R_FUMt2r, R_SUCCt2r, R_AKGt2r]	[R_MALt2r, R_FUMt2r, R_SHEME2abcpp, R_SUCCt2r, R_AKGt2r, R_AEPabcpp]	[R_MALt2r, R_FUMt2r, R_SHEME2abcpp, R_SUCCt2r, R_AKGt2r, R_AEPabcpp]	[R_AEPabcpp]	[R_MALt2r, R_FUMt2r, R_SHEME2abcpp, R_SUCCt2r, R_AKGt2r, R_AEPabcpp]	[R_MALt2r, R_FUMt2r, R_SHEME2abcpp, R_SUCCt2r, R_AKGt2r, R_AEPabcpp]	[]	[R_AEPabcpp]	[R_MALt2r, R_FUMt2r, R_SUCCt2r, R_AKGt2r]
s_transport_outer_membrane	[]	[]	[]	[]	[]	[]	[]	[]	[]	[]	[]
s_transport_solvent_extrusion	[]	[]	[]	[]	[]	[]	[]	[]	[]	[]	[]
s_xenobiotic_tolerance	[]	[]	[]	[]	[]	[]	[]	[]	[]	[]	[]
salicylate_biosynthesis	[]	[]	[]	[]	[]	[]	[]	[]	[]	[]	[]
salicylate_degradation	[]	[]	[]	[]	[R_SAL5HL]	[]	[]	[R_SAL5HL]	[]	[R_SAL5HL]	[]
sarcosine_degradation	[]	[R_SARCOX]	[R_SARCOX]	[]	[R_SARCOX]	[R_SARCOX]	[]	[R_SARCOX]	[R_SARCOX]	[]	[R_SARCOX]
selenoamino_acid_metabolism	[]	[]	[]	[]	[]	[]	[]	[]	[]	[]	[]
signal_transduction	[]	[]	[]	[]	[]	[]	[]	[]	[]	[]	[]
sink	[]	[R_DM_1cu2s_CopA]	[R_DM_1cu2s_CopA]	[]	[R_DM_1cu2s_CopA]	[R_DM_1cu2s_CopA]	[]	[R_DM_1cu2s_CopA]	[]	[]	[R_DM_1cu2s_CopA]
sink	[]	[R_DM_1cu2s_CopA]	[R_DM_1cu2s_CopA]	[]	[R_DM_1cu2s_CopA]	[R_DM_1cu2s_CopA]	[]	[R_DM_1cu2s_CopA]	[]	[]	[R_DM_1cu2s_CopA]
sorbitol_biosynthesis	[]	[]	[]	[R_GLTN2pp]	[]	[R_GLTN2pp]	[]	[]	[R_GLTN2pp]	[R_GLTN2pp]	[R_GLTN2pp]
sorbitol_degradation	[]	[]	[R_SBTD_D2]	[]	[]	[R_SBTD_D2]	[]	[R_SBTD_D2]	[]	[]	[]
styrene_degradation	[]	[]	[]	[]	[]	[]	[]	[]	[]	[]	[]
sucrose_degradation	[]	[]	[]	[]	[]	[]	[]	[]	[]	[]	[]
sulfur_assimilation	[]	[R_FDMO2, R_FDMO4, R_FDMO3, R_FDMO, R_FDMO6, R_FDMO5]	[]	[]	[R_FDMO2, R_FDMO4, R_FDMO3, R_FDMO, R_FDMO6, R_FDMO5]	[]	[]	[]	[]	[]	[]
sulfur_metabolism	[]	[]	[]	[]	[]	[]	[]	[]	[]	[]	[]
tagatose_degradation	[]	[R_TGBPA]	[R_TGBPA]	[R_TGBPA]	[R_TGBPA]	[R_TGBPA]	[]	[R_TGBPA]	[R_TGBPA]	[R_TGBPA]	[R_TGBPA]
tartrate_degradation	[]	[]	[]	[]	[]	[]	[]	[]	[]	[]	[]
taurine_degradation	[]	[R_TAUDO]	[]	[]	[R_TAUDO]	[R_TAUDO]	[]	[]	[]	[]	[]
thiamin_biosynthesis	[]	[]	[]	[]	[]	[R_AHMMPS]	[]	[]	[]	[]	[]
thiamine_metabolism	[]	[]	[]	[]	[]	[]	[]	[]	[]	[]	[]
threonine_and_lysine_biosynthesis	[]	[]	[]	[]	[]	[]	[]	[]	[]	[]	[]
threonine_biosynthesis	[]	[]	[]	[]	[]	[]	[]	[]	[]	[]	[]
threonine_degradation	[]	[]	[R_THRD]	[]	[]	[R_THRD, R_GLYAT]	[]	[R_THRD]	[R_GLYAT]	[R_GLYAT]	[]
toluene_and_xylene_degradation	[R_MCCIS1, R_CATCHDG1]	[]	[]	[R_MCCIS1, R_CATCHDG1]	[]	[]	[R_MCCIS1, R_CATCHDG1]	[]	[]	[R_MCCIS1, R_CATCHDG1]	[]
toluene_and_xylene_degradation	[R_MCCIS1, R_CATCHDG1]	[]	[]	[R_MCCIS1, R_CATCHDG1]	[]	[]	[R_MCCIS1, R_CATCHDG1]	[]	[]	[R_MCCIS1, R_CATCHDG1]	[]
translation	[]	[]	[]	[]	[]	[]	[]	[]	[]	[]	[]
transport_antibiotic_compound	[]	[]	[]	[]	[]	[]	[]	[]	[]	[]	[]
transport_carbon_substrate	[]	[R_HCINNMt2rpp, R_HPPPNt2rpp]	[]	[]	[R_UHBZ1t_pp, R_HCINNMt2rpp, R_HPPPNt2rpp]	[R_TRPt2rpp, R_TYRt2rpp, R_PHEt2rpp]	[]	[R_UHBZ1t_pp, R_HCINNMt2rpp, R_HPPPNt2rpp]	[R_TRPt2rpp, R_TYRt2rpp, R_PHEt2rpp]	[R_HCINNMt2rpp, R_HPPPNt2rpp]	[]
transport_cofactor_substrate	[]	[]	[]	[]	[]	[]	[]	[]	[]	[]	[]
transport_extracellular	[]	[]	[]	[]	[]	[]	[]	[]	[]	[]	[]
transport_inner_membrane	[R_DSERt2pp, R_CPGNabcpp, R_GLYBt3pp, R_CHLt3pp, R_ASNt2rpp, R_BALAt2pp, R_ARBTNabcpp, R_ALAt2pp]	[R_CPGNabcpp, R_GLYBt3pp, R_CHLt3pp, R_ARBTNabcpp]	[R_INSt3pp, R_CPGNabcpp, R_GLYBt3pp, R_CHLt3pp, R_GSNt3pp]	[R_INSt3pp, R_CPGNabcpp, R_GLYBt3pp, R_CHLt3pp, R_ARBTNabcpp, R_GSNt3pp]	[R_CPGNabcpp, R_GLYBt3pp, R_CHLt3pp, R_ARBTNabcpp]	[R_DSERt2pp, R_CPGNabcpp, R_TRPt2rpp, R_GLYBt3pp, R_TYRt2rpp, R_PHEt2rpp, R_CHLt3pp, R_ASNt2rpp, R_BALAt2pp, R_ALAt2pp]	[R_DSERt2pp, R_CPGNabcpp, R_GLYBt3pp, R_CHLt3pp, R_ASNt2rpp, R_BALAt2pp, R_ARBTNabcpp, R_ALAt2pp]	[R_INSt3pp, R_CPGNabcpp, R_GLYBt3pp, R_CHLt3pp, R_ARBTNabcpp, R_GSNt3pp]	[R_DSERt2pp, R_CPGNabcpp, R_TRPt2rpp, R_TYRt2rpp, R_PHEt2rpp, R_ASNt2rpp, R_BALAt2pp, R_ALAt2pp]	[R_INSt3pp, R_GLYBt3pp, R_CHLt3pp, R_GSNt3pp]	[R_INSt3pp, R_CPGNabcpp, R_GLYBt3pp, R_CHLt3pp, R_GSNt3pp]
transport_inner_membrane	[R_DSERt2pp, R_CPGNabcpp, R_GLYBt3pp, R_CHLt3pp, R_ASNt2rpp, R_BALAt2pp, R_ARBTNabcpp, R_ALAt2pp]	[R_CPGNabcpp, R_GLYBt3pp, R_CHLt3pp, R_ARBTNabcpp]	[R_INSt3pp, R_CPGNabcpp, R_GLYBt3pp, R_CHLt3pp, R_GSNt3pp]	[R_INSt3pp, R_CPGNabcpp, R_GLYBt3pp, R_CHLt3pp, R_ARBTNabcpp, R_GSNt3pp]	[R_CPGNabcpp, R_GLYBt3pp, R_CHLt3pp, R_ARBTNabcpp]	[R_DSERt2pp, R_CPGNabcpp, R_TRPt2rpp, R_GLYBt3pp, R_TYRt2rpp, R_PHEt2rpp, R_CHLt3pp, R_ASNt2rpp, R_BALAt2pp, R_ALAt2pp]	[R_DSERt2pp, R_CPGNabcpp, R_GLYBt3pp, R_CHLt3pp, R_ASNt2rpp, R_BALAt2pp, R_ARBTNabcpp, R_ALAt2pp]	[R_INSt3pp, R_CPGNabcpp, R_GLYBt3pp, R_CHLt3pp, R_ARBTNabcpp, R_GSNt3pp]	[R_DSERt2pp, R_CPGNabcpp, R_TRPt2rpp, R_TYRt2rpp, R_PHEt2rpp, R_ASNt2rpp, R_BALAt2pp, R_ALAt2pp]	[R_INSt3pp, R_GLYBt3pp, R_CHLt3pp, R_GSNt3pp]	[R_INSt3pp, R_CPGNabcpp, R_GLYBt3pp, R_CHLt3pp, R_GSNt3pp]
transport_inner_membrane	[R_DSERt2pp, R_CPGNabcpp, R_GLYBt3pp, R_CHLt3pp, R_ASNt2rpp, R_BALAt2pp, R_ARBTNabcpp, R_ALAt2pp]	[R_CPGNabcpp, R_GLYBt3pp, R_CHLt3pp, R_ARBTNabcpp]	[R_INSt3pp, R_CPGNabcpp, R_GLYBt3pp, R_CHLt3pp, R_GSNt3pp]	[R_INSt3pp, R_CPGNabcpp, R_GLYBt3pp, R_CHLt3pp, R_ARBTNabcpp, R_GSNt3pp]	[R_CPGNabcpp, R_GLYBt3pp, R_CHLt3pp, R_ARBTNabcpp]	[R_DSERt2pp, R_CPGNabcpp, R_TRPt2rpp, R_GLYBt3pp, R_TYRt2rpp, R_PHEt2rpp, R_CHLt3pp, R_ASNt2rpp, R_BALAt2pp, R_ALAt2pp]	[R_DSERt2pp, R_CPGNabcpp, R_GLYBt3pp, R_CHLt3pp, R_ASNt2rpp, R_BALAt2pp, R_ARBTNabcpp, R_ALAt2pp]	[R_INSt3pp, R_CPGNabcpp, R_GLYBt3pp, R_CHLt3pp, R_ARBTNabcpp, R_GSNt3pp]	[R_DSERt2pp, R_CPGNabcpp, R_TRPt2rpp, R_TYRt2rpp, R_PHEt2rpp, R_ASNt2rpp, R_BALAt2pp, R_ALAt2pp]	[R_INSt3pp, R_GLYBt3pp, R_CHLt3pp, R_GSNt3pp]	[R_INSt3pp, R_CPGNabcpp, R_GLYBt3pp, R_CHLt3pp, R_GSNt3pp]
transport_ion_substrate	[]	[]	[]	[]	[]	[R_NO2t2rpp, R_ZN2abcpp, R_CUt3pp, R_COBALT2abcpp, R_CD2abcpp, R_AGt3pp, R_CU2abcpp, R_NAt3pp, R_NO3t7pp, R_HG2abcpp, R_NI2abcpp]	[]	[]	[]	[R_NO2t2rpp, R_MCCDNtonex, R_MCCDNabcpp, R_NO3t7pp]	[]
transport_macromolecule_eps	[]	[]	[]	[]	[]	[]	[]	[]	[]	[]	[]
transport_nitrogen_substrate	[]	[]	[]	[]	[]	[]	[]	[]	[]	[]	[]
transport_osmoprotectant	[]	[R_CRNDabcpp, R_CTBTabcpp, R_CRNabcpp]	[R_CRNDabcpp, R_CTBTabcpp, R_CRNabcpp]	[R_CRNDabcpp, R_CTBTabcpp, R_CRNabcpp]	[R_CRNDabcpp, R_CTBTabcpp, R_CRNabcpp]	[R_CRNDabcpp, R_CTBTabcpp, R_CRNabcpp]	[]	[R_CRNDabcpp, R_CTBTabcpp, R_CRNabcpp]	[R_CRNDabcpp, R_CTBTabcpp, R_CRNabcpp]	[R_CRNDabcpp, R_CTBTabcpp, R_CRNabcpp]	[R_CRNDabcpp, R_CTBTabcpp, R_CRNabcpp]
transport_outer_membrane	[]	[]	[]	[]	[]	[]	[]	[]	[]	[]	[]
transport_outer_membrane_porin	[]	[]	[]	[]	[]	[]	[]	[]	[]	[]	[]
transport_phytohormone	[]	[]	[]	[]	[]	[]	[]	[]	[]	[]	[]
transport_polyamine_substrate	[]	[]	[]	[]	[]	[]	[]	[]	[]	[]	[]
transport_quorum_sensing	[]	[]	[]	[]	[]	[]	[]	[]	[]	[]	[]
transport_ros	[]	[]	[]	[]	[]	[]	[]	[]	[]	[]	[]
transport_secondary_metabolites	[]	[]	[]	[]	[]	[]	[]	[]	[]	[]	[]
trehalose_biosynthesis	[]	[]	[]	[]	[]	[R_MOTS, R_MOTH]	[]	[]	[]	[R_MOTS, R_MTI, R_MOTH]	[]
trehalose_degradation	[]	[]	[]	[]	[]	[]	[]	[]	[]	[]	[R_TREHpp]
trinitrotoluene_degradation	[]	[]	[]	[]	[]	[]	[]	[]	[]	[]	[]
trna_modification	[]	[]	[]	[]	[]	[]	[]	[]	[]	[]	[]
tryptophan_biosynthesis	[]	[]	[]	[]	[]	[]	[]	[]	[]	[]	[]
tryptophan_degradation	[]	[R_LAAO6ex]	[]	[]	[]	[]	[]	[]	[]	[]	[]
tryptophan_metabolism	[]	[R_BKAR2]	[R_BKAR2]	[R_BKAR2]	[R_BKAR2]	[R_BKAR2]	[R_BKAR2]	[R_BKAR2]	[R_BKAR2]	[R_BKAR2]	[R_BKAR2]
tyrosine_biosynthesis	[]	[]	[]	[]	[]	[]	[]	[]	[]	[]	[]
tyrosine_degradation	[]	[R_TYRODC]	[]	[]	[]	[]	[]	[]	[]	[]	[]
tyrosine_metabolism	[]	[]	[R_ACDH2, R_ACDH3]	[]	[]	[]	[]	[]	[]	[]	[]
tyrosine_tryptophan_and_phenylalanine_metabolism	[]	[]	[]	[]	[]	[]	[]	[]	[]	[]	[]
ubiquinone_biosynthesis	[R_SPMSy]	[R_SPMSy]	[R_SPMSy]	[R_SPMSy]	[R_SPMSy]	[R_SPMSy]	[R_SPMSy]	[R_SPMSy]	[R_SPMSy]	[]	[R_SPMSy]
ubiquinone_biosynthesis	[R_SPMSy]	[R_SPMSy]	[R_SPMSy]	[R_SPMSy]	[R_SPMSy]	[R_SPMSy]	[R_SPMSy]	[R_SPMSy]	[R_SPMSy]	[]	[R_SPMSy]
ubiquinone_metabolism	[]	[]	[]	[]	[]	[]	[]	[]	[]	[]	[]
udp_d_xylose_and_udp_d_glucuronate_biosynthesis	[]	[]	[]	[]	[]	[]	[]	[]	[]	[]	[]
udp_glucose_biosynthesis	[]	[]	[]	[]	[]	[]	[]	[]	[]	[]	[]
udp_n_acetyl_d_glucosamine_biosynthesis	[]	[]	[]	[]	[]	[]	[]	[]	[]	[]	[]
unassigned	[]	[]	[]	[]	[]	[]	[]	[]	[]	[]	[]
unassigned	[]	[]	[]	[]	[]	[]	[]	[]	[]	[]	[]
urea_cycle_and_metabolism_of_amino_groups	[]	[]	[]	[]	[]	[]	[]	[]	[]	[]	[]
urea_degradation	[]	[]	[R_UREA]	[]	[]	[]	[]	[]	[]	[]	[]
valine_biosynthesis	[]	[]	[]	[]	[]	[]	[]	[]	[]	[]	[]
valine_degradation	[]	[]	[]	[]	[]	[R_HIBDkt]	[]	[]	[]	[R_3HBCOAHL]	[]
valine_leucine_and_isoleucine_degradation	[R_MME]	[R_MME]	[R_MME]	[R_MME]	[R_MME]	[R_MME]	[R_MME]	[R_MME]	[R_MME]	[R_MME]	[]
vanillin_and_vanillate_degradation	[]	[]	[]	[]	[]	[R_VNTDM, R_VNDH]	[]	[R_VNTDM, R_VNDH]	[]	[]	[]
vitamine_b6_metabolism	[R_PDX5PSa]	[]	[]	[R_PDX5PSa]	[]	[R_PDX5PSa]	[R_PDX5PSa]	[R_PDX5PSa]	[R_PDX5PSa]	[R_PDX5PSa]	[]
water_dissociation	[]	[]	[]	[]	[]	[]	[]	[]	[]	[]	[]
xylose_metabolism	[]	[R_XYLK]	[R_XYLK]	[R_XYLK]	[R_XYLK]	[R_XYLK]	[]	[R_XYLK]	[R_XYLK]	[R_XYLK]	[R_XYLK]
